{
  "miner_count": 8,
  "results": {
    "1": {
      "success": true,
      "hash_rate": 613794.429362912,
      "per_hash_rate": 76724.303670364,
      "nonce": 612,
      "miner_idx": 0,
      "delta_time": 0.13813066482543945,
      "interrupt_nonces": [
        611,
        0,
        0,
        0,
        0,
        0,
        0,
        0
      ]
    },
    "2": {
      "success": true,
      "hash_rate": 100000000.0,
      "per_hash_rate": 12500000.0,
      "nonce": 612,
      "miner_idx": 0,
      "delta_time": 0.27875471115112305,
      "interrupt_nonces": [
        611,
        0,
        0,
        0,
        0,
        0,
        0,
        0
      ]
    },
    "3": {
      "success": true,
      "hash_rate": 754024.619152579,
      "per_hash_rate": 94253.07739407237,
      "nonce": 1363,
      "miner_idx": 0,
      "delta_time": 0.42436671257019043,
      "interrupt_nonces": [
        1362,
        0,
        0,
        0,
        0,
        0,
        0,
        0
      ]
    },
    "4": {
      "success": true,
      "hash_rate": 471079.63789304206,
      "per_hash_rate": 58884.95473663026,
      "nonce": 7987,
      "miner_idx": 1,
      "delta_time": 0.5839405059814453,
      "interrupt_nonces": [
        1362,
        7986,
        0,
        0,
        0,
        0,
        0,
        0
      ]
    },
    "5": {
      "success": true,
      "hash_rate": 558306.8971288801,
      "per_hash_rate": 69788.36214111002,
      "nonce": 15591,
      "miner_idx": 7,
      "delta_time": 0.7854020595550537,
      "interrupt_nonces": [
        1362,
        7986,
        0,
        0,
        0,
        0,
        0,
        15590
      ]
    },
    "6": {
      "success": true,
      "hash_rate": 4352791.57756974,
      "per_hash_rate": 544098.9471962175,
      "nonce": 2352569,
      "miner_idx": 2,
      "delta_time": 5.212568044662476,
      "interrupt_nonces": [
        2000000,
        2000000,
        2352568,
        2000000,
        2000000,
        2000000,
        2000000,
        2000000
      ]
    },
    "7": {
      "success": true,
      "hash_rate": 4353899.284684484,
      "per_hash_rate": 544237.4105855605,
      "nonce": 18381051,
      "miner_idx": 2,
      "delta_time": 34.418500661849976,
      "interrupt_nonces": [
        17000000,
        17000000,
        18381050,
        17000000,
        17000000,
        17000000,
        17000000,
        17000000
      ]
    },
    "8": {
      "success": true,
      "hash_rate": 4282846.007380159,
      "per_hash_rate": 535355.7509225198,
      "nonce": 502894960,
      "miner_idx": 5,
      "delta_time": 924.8783144950867,
      "interrupt_nonces": [
        488000000,
        496000000,
        491000000,
        497000000,
        492000000,
        502894959,
        491000000,
        489000000
      ]
    },
    "9": {
      "success": true,
      "hash_rate": 100000000.0,
      "per_hash_rate": 12500000.0,
      "nonce": 502894960,
      "miner_idx": 5,
      "delta_time": 925.0658130645752,
      "interrupt_nonces": [
        488000000,
        496000000,
        491000000,
        497000000,
        492000000,
        502894959,
        491000000,
        489000000
      ]
    },
    "10": {
      "success": false,
      "hash_rate": 4194721.70463821,
      "per_hash_rate": 524340.2130797763,
      "nonce": -1,
      "miner_idx": -1,
      "delta_time": 3602.7523946762085,
      "interrupt_nonces": [
        1889000000,
        1912000000,
        1875000000,
        1906000000,
        1895000000,
        1904000000,
        1901000000,
        1894000000
      ]
    }
  }
}