{
  "miner_count": 8,
  "results": {
    "1": {
      "success": true,
      "hash_rate": 19700000000.0,
      "per_hash_rate": 2462500000.0,
      "nonce": 197,
      "miner_idx": 1,
      "delta_time": 0.14372801780700684,
      "interrupt_nonces": [
        0,
        196,
        0,
        0,
        0,
        0,
        0,
        0
      ]
    },
    "2": {
      "success": true,
      "hash_rate": 26400000000.0,
      "per_hash_rate": 3300000000.0,
      "nonce": 264,
      "miner_idx": 0,
      "delta_time": 0.2803635597229004,
      "interrupt_nonces": [
        263,
        196,
        0,
        0,
        0,
        0,
        0,
        0
      ]
    },
    "3": {
      "success": true,
      "hash_rate": 534061.7842091811,
      "per_hash_rate": 66757.72302614764,
      "nonce": 1598,
      "miner_idx": 2,
      "delta_time": 0.4299635887145996,
      "interrupt_nonces": [
        263,
        196,
        1597,
        0,
        0,
        0,
        0,
        0
      ]
    },
    "4": {
      "success": true,
      "hash_rate": 592877.5963778115,
      "per_hash_rate": 74109.69954722644,
      "nonce": 1182,
      "miner_idx": 5,
      "delta_time": 0.5935263633728027,
      "interrupt_nonces": [
        263,
        196,
        1597,
        0,
        0,
        1181,
        0,
        0
      ]
    },
    "5": {
      "success": true,
      "hash_rate": 544669.1507431715,
      "per_hash_rate": 68083.64384289643,
      "nonce": 128199,
      "miner_idx": 3,
      "delta_time": 0.9804918766021729,
      "interrupt_nonces": [
        263,
        196,
        1597,
        128198,
        0,
        1181,
        0,
        0
      ]
    },
    "6": {
      "success": true,
      "hash_rate": 544703.9519981011,
      "per_hash_rate": 68087.99399976264,
      "nonce": 347681,
      "miner_idx": 6,
      "delta_time": 1.7843432426452637,
      "interrupt_nonces": [
        263,
        196,
        1597,
        128198,
        0,
        1181,
        347680,
        0
      ]
    },
    "7": {
      "success": true,
      "hash_rate": 4305834.139209524,
      "per_hash_rate": 538229.2674011905,
      "nonce": 63964151,
      "miner_idx": 7,
      "delta_time": 121.341477394104,
      "interrupt_nonces": [
        63000000,
        65000000,
        63000000,
        65000000,
        64000000,
        63000000,
        64000000,
        63964150
      ]
    },
    "8": {
      "success": true,
      "hash_rate": 4207240.791353602,
      "per_hash_rate": 525905.0989192002,
      "nonce": 287954626,
      "miner_idx": 7,
      "delta_time": 548.0937738418579,
      "interrupt_nonces": [
        287000000,
        290000000,
        286000000,
        290000000,
        285000000,
        287000000,
        290000000,
        287954625
      ]
    },
    "9": {
      "success": false,
      "hash_rate": 4132584.931505501,
      "per_hash_rate": 516573.1164381876,
      "nonce": -1,
      "miner_idx": -1,
      "delta_time": 3602.3984928131104,
      "interrupt_nonces": [
        1857000000,
        1879000000,
        1861000000,
        1867000000,
        1861000000,
        1880000000,
        1857000000,
        1858000000
      ]
    },
    "10": {
      "success": false,
      "hash_rate": 0.0,
      "per_hash_rate": 0.0,
      "nonce": -1,
      "miner_idx": -1,
      "delta_time": 3602.59396982193,
      "interrupt_nonces": [
        1857000000,
        1879000000,
        1861000000,
        1867000000,
        1861000000,
        1880000000,
        1857000000,
        1858000000
      ]
    }
  }
}