{
  "miner_count": 8,
  "results": {
    "1": {
      "success": true,
      "hash_rate": 389954.08703157975,
      "per_hash_rate": 48744.26087894747,
      "nonce": 389,
      "miner_idx": 0,
      "delta_time": 0.14259123802185059,
      "interrupt_nonces": [
        388,
        0,
        0,
        0,
        0,
        0,
        0,
        0
      ]
    },
    "2": {
      "success": true,
      "hash_rate": 100000000.0,
      "per_hash_rate": 12500000.0,
      "nonce": 389,
      "miner_idx": 0,
      "delta_time": 0.2812223434448242,
      "interrupt_nonces": [
        388,
        0,
        0,
        0,
        0,
        0,
        0,
        0
      ]
    },
    "3": {
      "success": true,
      "hash_rate": 507680.9795273989,
      "per_hash_rate": 63460.12244092486,
      "nonce": 6076,
      "miner_idx": 1,
      "delta_time": 0.4318196773529053,
      "interrupt_nonces": [
        388,
        6075,
        0,
        0,
        0,
        0,
        0,
        0
      ]
    },
    "4": {
      "success": true,
      "hash_rate": 514134.349727612,
      "per_hash_rate": 64266.7937159515,
      "nonce": 2051,
      "miner_idx": 5,
      "delta_time": 0.5943851470947266,
      "interrupt_nonces": [
        388,
        6075,
        0,
        0,
        0,
        2050,
        0,
        0
      ]
    },
    "5": {
      "success": true,
      "hash_rate": 100000000.0,
      "per_hash_rate": 12500000.0,
      "nonce": 2051,
      "miner_idx": 5,
      "delta_time": 0.7589454650878906,
      "interrupt_nonces": [
        388,
        6075,
        0,
        0,
        0,
        2050,
        0,
        0
      ]
    },
    "6": {
      "success": true,
      "hash_rate": 4366788.503289139,
      "per_hash_rate": 545848.5629111424,
      "nonce": 2300408,
      "miner_idx": 0,
      "delta_time": 5.076404094696045,
      "interrupt_nonces": [
        2300407,
        2000000,
        2000000,
        2000000,
        2000000,
        2000000,
        2000000,
        2000000
      ]
    },
    "7": {
      "success": true,
      "hash_rate": 4381291.784404702,
      "per_hash_rate": 547661.4730505877,
      "nonce": 22867189,
      "miner_idx": 2,
      "delta_time": 43.19451427459717,
      "interrupt_nonces": [
        22000000,
        23000000,
        22867188,
        22000000,
        22000000,
        22000000,
        22000000,
        22000000
      ]
    },
    "8": {
      "success": true,
      "hash_rate": 4203446.559037463,
      "per_hash_rate": 525430.8198796829,
      "nonce": 444876484,
      "miner_idx": 7,
      "delta_time": 840.1392920017242,
      "interrupt_nonces": [
        440000000,
        445000000,
        442000000,
        436000000,
        439000000,
        439000000,
        438000000,
        444876483
      ]
    },
    "9": {
      "success": false,
      "hash_rate": 4158701.0425488194,
      "per_hash_rate": 519837.63031860243,
      "nonce": -1,
      "miner_idx": -1,
      "delta_time": 3604.020476579666,
      "interrupt_nonces": [
        1893000000,
        1882000000,
        1872000000,
        1886000000,
        1876000000,
        1889000000,
        1826000000,
        1888000000
      ]
    },
    "10": {
      "success": false,
      "hash_rate": 0.0,
      "per_hash_rate": 0.0,
      "nonce": -1,
      "miner_idx": -1,
      "delta_time": 3604.1750631332397,
      "interrupt_nonces": [
        1893000000,
        1882000000,
        1872000000,
        1886000000,
        1876000000,
        1889000000,
        1826000000,
        1888000000
      ]
    }
  }
}