{
  "miner_count": 8,
  "results": {
    "1": {
      "success": true,
      "hash_rate": 631297.1374680334,
      "per_hash_rate": 78912.14218350417,
      "nonce": 629,
      "miner_idx": 0,
      "delta_time": 0.14679980278015137,
      "interrupt_nonces": [
        628,
        0,
        0,
        0,
        0,
        0,
        0,
        0
      ]
    },
    "2": {
      "success": true,
      "hash_rate": 100000000.0,
      "per_hash_rate": 12500000.0,
      "nonce": 629,
      "miner_idx": 0,
      "delta_time": 0.2854299545288086,
      "interrupt_nonces": [
        628,
        0,
        0,
        0,
        0,
        0,
        0,
        0
      ]
    },
    "3": {
      "success": true,
      "hash_rate": 491283.3684527511,
      "per_hash_rate": 61410.421056593885,
      "nonce": 2098,
      "miner_idx": 0,
      "delta_time": 0.43004417419433594,
      "interrupt_nonces": [
        2097,
        0,
        0,
        0,
        0,
        0,
        0,
        0
      ]
    },
    "4": {
      "success": true,
      "hash_rate": 391506.5140464469,
      "per_hash_rate": 48938.31425580586,
      "nonce": 781,
      "miner_idx": 7,
      "delta_time": 0.6444709300994873,
      "interrupt_nonces": [
        2097,
        0,
        0,
        0,
        0,
        0,
        0,
        780
      ]
    },
    "5": {
      "success": true,
      "hash_rate": 525808.9572537084,
      "per_hash_rate": 65726.11965671355,
      "nonce": 100686,
      "miner_idx": 5,
      "delta_time": 1.0124871730804443,
      "interrupt_nonces": [
        2097,
        0,
        0,
        0,
        0,
        100685,
        0,
        780
      ]
    },
    "6": {
      "success": true,
      "hash_rate": 4277318.890883234,
      "per_hash_rate": 534664.8613604043,
      "nonce": 3330544,
      "miner_idx": 4,
      "delta_time": 7.4243481159210205,
      "interrupt_nonces": [
        3000000,
        3000000,
        3000000,
        3000000,
        3330543,
        3000000,
        3000000,
        3000000
      ]
    },
    "7": {
      "success": true,
      "hash_rate": 100000000.0,
      "per_hash_rate": 12500000.0,
      "nonce": 3330544,
      "miner_idx": 4,
      "delta_time": 7.580929517745972,
      "interrupt_nonces": [
        3000000,
        3000000,
        3000000,
        3000000,
        3330543,
        3000000,
        3000000,
        3000000
      ]
    },
    "8": {
      "success": true,
      "hash_rate": 4249728.882548136,
      "per_hash_rate": 531216.110318517,
      "nonce": 210711190,
      "miner_idx": 4,
      "delta_time": 399.58510756492615,
      "interrupt_nonces": [
        211000000,
        212000000,
        209000000,
        211000000,
        210711189,
        209000000,
        211000000,
        212000000
      ]
    },
    "9": {
      "success": true,
      "hash_rate": 4188934.8756115427,
      "per_hash_rate": 523616.85945144284,
      "nonce": 561682901,
      "miner_idx": 0,
      "delta_time": 1057.7737782001495,
      "interrupt_nonces": [
        561682900,
        557000000,
        555000000,
        557000000,
        555000000,
        546000000,
        551000000,
        556000000
      ]
    },
    "10": {
      "success": true,
      "hash_rate": 100000000.0,
      "per_hash_rate": 12500000.0,
      "nonce": 561682901,
      "miner_idx": 0,
      "delta_time": 1057.940333366394,
      "interrupt_nonces": [
        561682900,
        557000000,
        555000000,
        557000000,
        555000000,
        546000000,
        551000000,
        556000000
      ]
    }
  }
}